epoch,total_loss,policy_loss,value_loss,dead_relu_pct
1,3.199197292327881,2.231416165828705,0.967781126499176,0.0
2,3.007439911365509,2.1780591011047363,0.8293807804584503,0.0
